"date","close","volume","open","high","low"
"12:21","143.14","874,463","142.13","143.495","141.98"
"2019/04/09","142.1100","3037700.0000","142.6600","142.9500","141.8400"
"2019/04/08","143.3900","2116945.0000","143.0200","143.4200","142.8700"
"2019/04/05","143.2800","2730860.0000","143.2900","143.5000","142.4600"
"2019/04/04","142.7800","2771087.0000","143.6200","144.1400","142.5400"
"2019/04/03","143.6300","2681044.0000","143.6500","144.2200","143.0100"
"2019/04/02","143.0000","2400493.0000","143.3500","143.9500","142.6000"
"2019/04/01","143.3000","3811916.0000","141.5100","143.4100","141.5100"
"2019/03/29","141.1000","3101419.0000","140.5000","141.2200","140.1500"
"2019/03/28","139.9200","2571619.0000","139.9100","140.4400","139.1000"
"2019/03/27","139.2400","3091432.0000","140.4100","140.4900","138.4000"
"2019/03/26","140.2200","2406340.0000","139.9300","141.0200","139.4200"
"2019/03/25","139.1800","2771582.0000","139.0600","139.9100","138.3500"
"2019/03/22","139.4500","3877002.0000","140.9700","141.4400","138.9000"
"2019/03/21","141.4400","3576952.0000","139.1000","142.1200","138.8800"
"2019/03/20","139.6000","3646608.0000","140.5300","140.7000","138.9800"
"2019/03/19","140.4900","3454919.0000","140.9600","141.7024","140.0020"
"2019/03/18","140.2100","3267620.0000","139.8300","140.3650","138.7200"
"2019/03/15","139.4300","7153180.0000","139.3700","140.3300","139.2300"
"2019/03/14","138.7900","2738418.0000","138.5100","138.9400","138.0600"
"2019/03/13","138.5600","3168333.0000","138.0500","139.3250","137.8500"
"2019/03/12","138.2800","3954350.0000","138.5200","139.6950","137.8600"
"2019/03/11","137.7100","3935904.0000","136.0300","137.7300","135.8400"
"2019/03/08","135.0900","3773562.0000","134.2100","135.2400","133.5800"
"2019/03/07","135.3600","4358264.0000","136.6100","136.8900","134.6343"
"2019/03/06","136.9800","2768250.0000","138.1200","138.3892","136.7200"
"2019/03/05","137.8800","4196775.0000","138.3700","138.7400","137.5550"
"2019/03/04","138.4300","3404089.0000","139.9900","140.0800","137.1700"
"2019/03/01","139.2000","2979597.0000","139.3100","140.0400","138.6400"
"2019/02/28","138.1300","3450137.0000","138.7700","139.0550","137.7200"
"2019/02/27","139.1700","2530848.0000","139.2500","139.5700","138.4007"
"2019/02/26","139.7200","3059551.0000","139.6700","140.4900","139.4700"
"2019/02/25","139.4600","3193627.0000","140.0000","140.4700","139.3200"
"2019/02/22","139.2500","3111900.0000","138.7300","139.3800","138.4300"
"2019/02/21","137.8400","2937236.0000","137.8200","138.3500","137.3500"
"2019/02/20","138.0000","3801087.0000","138.7600","139.2400","137.2203"
"2019/02/19","138.7000","3383978.0000","137.8100","138.7000","137.3600"
"2019/02/15","138.0300","3843467.0000","137.5800","138.1850","137.3850"
"2019/02/14","136.4800","2789396.0000","137.1700","137.6019","136.2100"
"2019/02/13","137.5200","4252066.0000","136.9200","137.9200","136.4100"
"2019/02/12","136.0500","3313222.0000","135.1500","136.2000","134.8600"
"2019/02/11","133.9900","3095030.0000","134.2900","135.1500","133.9100"
"2019/02/08","133.7100","3156272.0000","132.3400","133.7100","132.1900"
"2019/02/07","133.1900","4372136.0000","133.5500","134.4700","132.1200"
"2019/02/06","136.3200","4876834.0000","135.2200","136.6500","135.1700"
"2019/02/05","135.5500","5396802.0000","135.2800","135.8200","134.9200"
"2019/02/04","135.1900","3954689.0000","134.0200","135.2000","132.9900"
"2019/02/01","134.1000","3802091.0000","134.9700","135.2000","133.3500"
"2019/01/31","134.4200","4880772.0000","134.4500","134.7160","133.7400"
"2019/01/30","134.3800","4488827.0000","134.0000","135.0300","133.2500"
"2019/01/29","134.3300","5034563.0000","134.2900","135.4149","133.6000"
"2019/01/28","134.2700","5124522.0000","133.1000","134.8050","132.5800"
"2019/01/25","133.9700","5707375.0000","132.8700","134.4400","132.4300"
"2019/01/24","132.5300","6310355.0000","132.6300","133.2054","131.4300"
"2019/01/23","132.8900","22051560.0000","131.3700","135.0000","130.3100"
"2019/01/22","122.5200","9734454.0000","123.3000","123.8000","121.5400"
"2019/01/18","123.8200","6004928.0000","123.2700","124.7175","122.7100"
"2019/01/17","122.1900","5014762.0000","120.5600","122.4085","120.5500"
"2019/01/16","121.6200","3789197.0000","121.5800","122.0000","120.8300"
"2019/01/15","121.7300","3507503.0000","120.9600","121.9300","120.8200"
"2019/01/14","120.3900","5217705.0000","120.5100","120.6548","119.7607"
"2019/01/11","121.4600","3664065.0000","121.5800","121.6150","120.2000"
"2019/01/10","121.7900","3837848.0000","120.0800","121.8600","119.9500"
"2019/01/09","120.6900","3619359.0000","120.9100","121.4000","119.8700"
"2019/01/08","119.8300","4700622.0000","119.6600","120.5700","118.9800"
"2019/01/07","118.1500","3732918.0000","117.5000","118.8300","116.6700"
"2019/01/04","117.3200","4430160.0000","114.9100","117.4900","114.4400"
"2019/01/03","112.9100","4154119.0000","114.5300","114.8800","112.6900"
"2019/01/02","115.2100","4233847.0000","112.0100","115.9800","111.6900"
"2018/12/31","113.6700","4981706.0000","113.3300","114.3500","112.4201"
"2018/12/28","113.0300","5116291.0000","114.2200","114.8000","112.5000"
"2018/12/27","113.7800","5839611.0000","109.9900","113.7800","109.4699"
"2018/12/26","111.3900","6593685.0000","108.0000","111.3900","105.9400"
"2018/12/24","107.5700","3821376.0000","109.9000","111.0000","107.5000"
"2018/12/21","110.9400","10371780.0000","112.5000","115.2800","110.4400"
"2018/12/20","113.0200","8393880.0000","115.7000","116.4500","111.7000"
"2018/12/19","116.4300","6912152.0000","117.1500","120.2700","115.9700"
"2018/12/18","116.6500","6161819.0000","116.9000","118.2300","116.0200"
"2018/12/17","116.1000","7332780.0000","119.0700","119.7800","115.0700"
"2018/12/14","119.9000","4552052.0000","119.5000","121.1100","119.4400"
"2018/12/13","120.7300","3913588.0000","121.2600","121.7900","120.1700"
"2018/12/12","121.1600","3560423.0000","122.5100","122.8800","121.0000"
"2018/12/11","120.8900","4806171.0000","123.2500","123.8100","120.0000"
"2018/12/10","121.1300","6545975.0000","119.7400","121.6822","118.5200"
"2018/12/07","119.3400","6946644.0000","123.9000","124.0500","118.8700"
"2018/12/06","123.9100","6917204.0000","119.7200","123.9100","119.3010"
"2018/12/04","121.6000","5732774.0000","124.4900","124.9200","121.3300"
"2018/12/03","125.3100","5764562.0000","125.6700","126.5900","124.3600"
"2018/11/30","124.2700","7250091.0000","121.6600","124.6900","121.4800"
"2018/11/29","121.4800","5083509.0000","122.4400","123.1208","121.4000"
"2018/11/28","123.0000","5103750.0000","121.0100","123.0900","120.2200"
"2018/11/27","120.0300","4902206.0000","118.3800","120.0400","118.3700"
"2018/11/26","119.5600","4983724.0000","118.3700","120.2500","118.0600"
"2018/11/23","117.1900","2334730.0000","118.0900","118.3382","116.9100"
"2018/11/21","118.5700","5333589.0000","117.6100","119.5100","117.3900"
"2018/11/20","117.2000","6232010.0000","118.4900","119.4900","116.6955"
"2018/11/19","120.3100","4129149.0000","121.6300","122.1800","119.7700"
"2018/11/16","121.5700","4076283.0000","120.8900","121.8500","120.5405"
"2018/11/15","121.4400","5203470.0000","119.6600","121.4400","119.5100"
"2018/11/14","120.2000","4753027.0000","121.1100","121.9300","119.7700"
"2018/11/13","120.8400","4058494.0000","121.1900","122.2505","119.9000"
"2018/11/12","120.9000","5374419.0000","123.5000","123.5700","120.6500"
"2018/11/09","123.5400","6961728.0000","123.6100","124.5700","121.9600"
"2018/11/08","123.3800","10392940.0000","122.6600","124.4040","122.6300"
"2018/11/07","124.8400","12371100.0000","123.7900","125.0600","122.3300"
"2018/11/06","123.1200","9593084.0000","120.7000","123.8100","120.3100"
"2018/11/05","120.0600","9127909.0000","116.1000","120.7700","116.0000"
"2018/11/02","115.6700","10507760.0000","117.5100","117.7500","114.5384"
"2018/11/01","116.8300","13619520.0000","115.5000","117.0000","115.1100"
"2018/10/31","115.4300","21631840.0000","116.4900","116.5000","114.0900"
"2018/10/30","115.4000","21412910.0000","120.4800","121.5000","115.1500"
"2018/10/29","119.6400","20130510.0000","119.3400","123.9500","118.3000"
"2018/10/26","124.7900","8758967.0000","125.2100","125.7800","123.7100"
"2018/10/25","126.4500","10269570.0000","127.2500","127.7900","125.1400"
"2018/10/24","127.2100","5646273.0000","131.1700","131.6900","127.0000"
"2018/10/23","131.2100","6461726.0000","129.0200","131.9000","128.4100"
"2018/10/22","130.0200","5629672.0000","129.5800","130.4379","128.4000"
"2018/10/19","129.1000","7720795.0000","130.6500","131.8900","127.9600"
"2018/10/18","130.5500","9989208.0000","132.7300","133.4000","130.0400"
"2018/10/17","134.0500","18961040.0000","135.8900","137.1500","133.4193"
"2018/10/16","145.1200","8573985.0000","142.9300","145.4500","141.5800"
"2018/10/15","141.1300","4611820.0000","140.3800","142.2600","140.1400"
"2018/10/12","140.8500","6391828.0000","141.1200","141.5400","139.0800"
"2018/10/11","139.0200","8702607.0000","142.6200","144.1900","138.7800"
"2018/10/10","142.6900","5272862.0000","147.5000","147.6900","142.5000"
"2018/10/09","147.2400","3641387.0000","148.0800","148.3600","146.9300"
"2018/10/08","148.3900","3229339.0000","148.5000","149.0700","147.1800"
"2018/10/05","149.0300","4602216.0000","150.9000","151.7900","147.8700"
"2018/10/04","151.3100","4237519.0000","151.6900","152.8000","150.3600"
"2018/10/03","153.2200","3315292.0000","154.0000","154.3600","152.8000"
"2018/10/02","153.7500","3025052.0000","152.9900","153.8400","152.5000"
"2018/10/01","153.0000","3737903.0000","151.7100","153.4200","151.7100"
"2018/09/28","151.2100","3305324.0000","151.1600","151.6250","150.7900"
"2018/09/27","151.5000","3475431.0000","152.0100","152.3888","151.1600"
"2018/09/26","151.6100","7147572.0000","152.4000","153.3500","151.3400"
"2018/09/25","148.9100","4030483.0000","149.9100","150.4100","148.3600"
"2018/09/24","150.0300","4215756.0000","151.1000","151.2000","149.4600"
"2018/09/21","151.3500","19847660.0000","151.4800","152.6000","150.7400"
"2018/09/20","151.1500","5822864.0000","149.5800","151.3800","149.4400"
"2018/09/19","149.0600","4246174.0000","148.6300","149.9599","148.2300"
"2018/09/18","148.5600","3413076.0000","147.7600","148.9850","147.4700"
"2018/09/17","147.9400","3307740.0000","148.4400","149.0700","147.7700"
"2018/09/14","148.3300","3240966.0000","148.8500","149.3000","147.7800"
"2018/09/13","148.9500","5150862.0000","147.3500","149.0000","147.1179"
"2018/09/12","146.5700","4490979.0000","146.3700","147.9800","146.0300"
"2018/09/11","146.4900","3374678.0000","146.0000","146.9900","145.2500"
"2018/09/10","145.6500","3335742.0000","146.6000","147.3000","145.5600"
"2018/09/07","145.4500","4453753.0000","145.9400","146.5031","145.1200"
"2018/09/06","146.3900","4248781.0000","146.8800","147.6600","145.5400"
"2018/09/05","146.6600","3107991.0000","145.1900","146.7500","145.0500"
"2018/09/04","145.6800","3090177.0000","145.9800","146.1900","144.8100"
"2018/08/31","146.4800","3436359.0000","145.7200","146.7800","145.5401"
"2018/08/30","145.9300","3338329.0000","147.0300","147.3000","145.2500"
"2018/08/29","147.5400","2699766.0000","146.8700","147.9300","146.6000"
"2018/08/28","146.5900","2449441.0000","146.9500","146.9900","146.1900"
"2018/08/27","146.6900","3026798.0000","146.9400","147.6200","146.5200"
"2018/08/24","146.0400","2727395.0000","145.4600","146.0869","144.8700"
"2018/08/23","145.3700","2220427.0000","145.0400","145.5200","144.7500"
"2018/08/22","145.2400","2246709.0000","146.0100","146.1600","145.1900"
"2018/08/21","145.9700","2813028.0000","147.0000","147.1200","145.8900"
"2018/08/20","146.5100","2499398.0000","146.3700","147.1600","146.1500"
"2018/08/17","146.0600","2678645.0000","144.7900","146.3900","144.6900"
"2018/08/16","145.3400","5250704.0000","144.3700","145.6800","144.3700"
"2018/08/15","143.9100","4240961.0000","142.5500","144.0000","142.0000"
"2018/08/14","143.3600","2860006.0000","143.0000","143.8200","142.9300"
"2018/08/13","142.7100","2858415.0000","144.1500","144.3000","142.5300"
"2018/08/10","144.4800","3001883.0000","144.5000","145.0700","143.8800"
"2018/08/09","144.7700","3093453.0000","145.5300","145.9400","144.7300"
"2018/08/08","146.8900","3580415.0000","147.3300","147.4300","146.2400"
"2018/08/07","147.0100","3505622.0000","146.6500","147.6400","146.3500"
"2018/08/06","146.0300","3912466.0000","146.9500","147.2000","145.5700"
"2018/08/03","147.7000","8053092.0000","143.2400","147.9200","143.0000"
"2018/08/02","142.9600","3836238.0000","142.8600","143.3600","142.3300"
"2018/08/01","143.5000","3387120.0000","144.7600","145.1900","143.3400"
"2018/07/31","144.9300","5473146.0000","145.7400","145.8000","144.1590"
"2018/07/30","145.4900","3450004.0000","144.8000","146.2400","144.6900"
"2018/07/27","145.1500","3749286.0000","146.8900","147.1400","144.6600"
"2018/07/26","146.7100","4776629.0000","147.4300","149.2700","146.6300"
"2018/07/25","146.6200","3628272.0000","146.0100","146.6500","145.5000"
"2018/07/24","146.3800","3891462.0000","146.7000","147.0400","145.9200"
"2018/07/23","145.7000","3767643.0000","146.3500","146.7000","145.0150"
"2018/07/20","146.3500","6411644.0000","148.5800","148.8600","146.2600"
"2018/07/19","149.2400","14536290.0000","147.8500","150.5400","147.2500"
"2018/07/18","144.5200","6651091.0000","143.5100","144.8000","142.7351"
"2018/07/17","143.4900","5087700.0000","144.7500","145.0000","143.3400"
"2018/07/16","145.4600","3463840.0000","145.6700","145.7900","144.2100"
"2018/07/13","145.9000","3062531.0000","146.4500","146.9799","145.8000"
"2018/07/12","146.4500","3096255.0000","145.8500","146.8300","145.7400"
"2018/07/11","144.9400","3466858.0000","144.0000","146.1900","144.0000"
"2018/07/10","144.7100","3721923.0000","144.5100","145.5900","144.2550"
"2018/07/09","144.3900","3840834.0000","142.5900","144.7200","142.4700"
"2018/07/06","142.4800","2910426.0000","141.5300","142.9400","141.1700"
"2018/07/05","141.4300","3684736.0000","140.4800","141.4300","139.9300"
"2018/07/03","139.5700","1963232.0000","140.6500","140.9400","139.3678"
"2018/07/02","139.8600","3404522.0000","138.2800","140.2200","138.2000"
"2018/06/29","139.7000","3709514.0000","140.3200","141.3590","139.6100"
"2018/06/28","140.0400","4523146.0000","138.1000","140.5400","137.9450"
"2018/06/27","137.4800","4097173.0000","139.1100","139.7800","137.4500"
"2018/06/26","139.0800","4132936.0000","139.3600","139.8499","138.3300"
"2018/06/25","138.7900","8936500.0000","140.4000","140.4000","138.2800"
"2018/06/22","141.2800","5978837.0000","141.6400","141.8100","140.7800"
"2018/06/21","141.2500","3719842.0000","142.5900","143.1400","140.8300"
"2018/06/20","142.6300","3327016.0000","144.2200","144.5200","142.4100"
"2018/06/19","143.9000","3480989.0000","143.1200","144.2200","142.9500"
"2018/06/18","144.4800","3955267.0000","144.1800","144.5200","143.1400"
"2018/06/15","145.3900","9101344.0000","144.9000","145.4700","143.7000"
"2018/06/14","145.2000","3278242.0000","146.6500","146.9800","145.0900"
"2018/06/13","146.3500","2636788.0000","146.7900","147.4700","146.2000"
"2018/06/12","146.8700","2640091.0000","147.1000","147.5200","146.6200"
"2018/06/11","146.5800","3187860.0000","146.6200","147.4100","146.1400"
"2018/06/08","146.1400","5059360.0000","145.0000","146.4300","144.3700"
"2018/06/07","145.3600","4263362.0000","145.0000","146.7000","144.9300"
"2018/06/06","144.7100","3220131.0000","144.3400","144.7200","143.5400"
"2018/06/05","143.7000","2824323.0000","143.0500","144.0800","143.0400"
"2018/06/04","143.0400","3032513.0000","142.3000","143.1700","142.1800"
"2018/06/01","141.9500","3854463.0000","142.4300","142.8400","141.6200"
"2018/05/31","141.3100","6828045.0000","142.8100","142.8100","141.0500"
"2018/05/30","142.6200","5109028.0000","141.9000","143.1000","141.8200"
"2018/05/29","141.2200","4533961.0000","142.5300","142.8900","140.2100"
"2018/05/25","143.6400","4914174.0000","143.9000","144.5700","143.4600"
"2018/05/24","144.0700","3398444.0000","144.3900","144.4800","142.9500"
"2018/05/23","144.6700","3456319.0000","144.3500","144.7000","143.4800"
"2018/05/22","145.0900","2284010.0000","145.5200","146.2040","145.0000"
"2018/05/21","145.4900","2892683.0000","144.9500","146.0400","144.6800"
"2018/05/18","144.0800","2677403.0000","144.4700","144.9400","143.9900"
"2018/05/17","144.5000","3147105.0000","144.5000","145.1900","143.7700"
"2018/05/16","144.6300","3168454.0000","143.7000","145.0275","143.2700"
"2018/05/15","143.7400","4088765.0000","143.5000","143.9900","142.9200"
"2018/05/14","144.3000","3214837.0000","144.4700","145.1200","144.1400"
"2018/05/11","144.1400","3073144.0000","144.1100","144.8500","143.5800"
"2018/05/10","144.2400","3726223.0000","143.1500","144.3300","143.0100"
"2018/05/09","142.6100","4190305.0000","141.9000","143.0200","141.2800"
"2018/05/08","143.0000","5365087.0000","143.0000","143.5070","142.0600"
"2018/05/07","143.2200","3659906.0000","144.0000","144.3200","142.6403"
"2018/05/04","143.9100","4400297.0000","141.1000","144.3500","140.2800"
"2018/05/03","141.9900","5016580.0000","142.1300","142.2300","139.9000"
"2018/05/02","142.4500","5193157.0000","144.4600","144.8200","142.0700"
"2018/05/01","145.0000","4430144.0000","144.6500","145.0200","143.4700"
"2018/04/30","144.9600","4410906.0000","146.8600","147.3800","144.9600"
"2018/04/27","146.4800","3200337.0000","146.8400","147.2500","145.6600"
"2018/04/26","146.7200","4251898.0000","146.6000","147.3600","146.2000"
"2018/04/25","145.9400","7322583.0000","145.7900","146.4000","144.1110"
"2018/04/24","145.5600","4915483.0000","146.5100","147.3000","144.5300"
"2018/04/23","145.8600","5312680.0000","145.0300","145.9600","144.3300"
"2018/04/20","144.9000","8262089.0000","147.9000","147.9700","144.5100"
"2018/04/19","147.7000","8066949.0000","149.1900","149.2072","146.6200"
"2018/04/18","148.7900","20366390.0000","152.1400","152.6300","148.2600"
"2018/04/17","160.9100","10030300.0000","158.8200","162.0000","158.5100"
"2018/04/16","157.8900","4183034.0000","157.9900","159.1400","157.6700"
"2018/04/13","156.7100","3886410.0000","158.6700","159.2200","155.9100"
"2018/04/12","158.0700","5632531.0000","156.7500","158.9800","156.6700"
"2018/04/11","155.3600","3209656.0000","154.3700","155.7800","153.8800"
"2018/04/10","155.3900","3834517.0000","155.0300","156.6050","154.7500"
"2018/04/09","152.6900","4410622.0000","151.8000","154.6600","151.7433"
"2018/04/06","150.5700","3672651.0000","153.4600","153.9500","149.5400"
"2018/04/05","154.0300","3170798.0000","154.4400","154.9200","153.3400"
"2018/04/04","154.1200","4801403.0000","147.8900","154.4700","147.4500"
"2018/04/03","149.8500","4134866.0000","150.8000","151.0000","148.3000"
"2018/04/02","150.0700","5136191.0000","153.3400","153.3800","148.4300"
"2018/03/29","153.4300","3419328.0000","153.0700","153.8900","151.0800"
"2018/03/28","152.5200","3664480.0000","152.0700","153.8600","151.8900"
"2018/03/27","151.9100","3875906.0000","153.9500","154.8697","151.1600"
"2018/03/26","153.3700","4102976.0000","151.2100","153.6570","150.2800"
"2018/03/23","148.8900","4427791.0000","152.2500","152.5800","148.5410"
"2018/03/22","152.0900","4739788.0000","155.0000","155.2499","152.0000"
"2018/03/21","156.6900","3481845.0000","156.5700","158.2000","155.9200"
"2018/03/20","156.2000","4335687.0000","157.5200","157.9300","155.2900"
"2018/03/19","157.3500","5454834.0000","159.7100","159.8899","156.4500"
"2018/03/16","160.2600","9206814.0000","160.0600","161.9800","159.6400"
"2018/03/15","159.6100","3863182.0000","158.7100","161.2500","158.5200"
"2018/03/14","158.1200","3630206.0000","160.1700","160.6800","157.7400"
"2018/03/13","159.3200","4124286.0000","160.0900","162.1122","158.8100"
"2018/03/12","160.2600","5061463.0000","159.6400","161.0200","158.8700"
"2018/03/09","159.3100","5019427.0000","157.4700","159.5825","157.3000"
"2018/03/08","156.2100","6391534.0000","159.0000","159.5700","155.0700"
"2018/03/07","158.3200","4312067.0000","155.0000","158.8300","154.7300"
"2018/03/06","155.7200","3592913.0000","157.2800","157.8900","155.1568"
"2018/03/05","156.9500","3670382.0000","154.1200","157.4900","153.7500"
"2018/03/02","154.4900","3260903.0000","152.7900","154.7600","151.8800"
"2018/03/01","153.8100","4037578.0000","155.5300","156.9742","152.7900"
"2018/02/28","155.8300","3793433.0000","157.5000","158.1399","155.8000"
"2018/02/27","156.5500","4233110.0000","158.4600","159.7800","156.5300"
"2018/02/26","158.5800","3598083.0000","155.8100","158.8800","155.5100"
"2018/02/23","155.5200","3251395.0000","154.3000","155.8550","154.0700"
"2018/02/22","153.1800","4019720.0000","154.5000","155.0400","152.7900"
"2018/02/21","153.9600","3724635.0000","155.4300","156.7900","153.9000"
"2018/02/20","155.1600","4482762.0000","155.7900","155.9600","153.8700"
"2018/02/16","156.1800","4253815.0000","155.7100","157.7905","155.6900"
"2018/02/15","156.0100","5527366.0000","155.5000","156.8600","153.7000"
"2018/02/14","154.7600","5474399.0000","150.1900","155.0000","150.0000"
"2018/02/13","150.7500","4865333.0000","150.9000","151.1790","149.6400"
"2018/02/12","151.4000","5839248.0000","150.9000","152.4000","150.3000"
"2018/02/09","149.5100","7783434.0000","148.6000","150.5400","144.3955"
"2018/02/08","147.5900","6765434.0000","152.4800","153.1600","147.5000"
"2018/02/07","153.8500","6138776.0000","154.1700","155.3400","153.2800"
"2018/02/06","155.3400","9854125.0000","150.2900","155.4900","149.1100"
"2018/02/05","152.5300","8674946.0000","157.8900","158.5000","150.0000"
"2018/02/02","159.0300","5228394.0000","161.7000","162.0000","158.8663"
"2018/02/01","162.4000","4431977.0000","163.1900","164.1300","161.9000"
"2018/01/31","163.7000","4072020.0000","163.7500","164.9900","162.7610"
"2018/01/30","163.6200","4901284.0000","166.2100","166.7700","163.1550"
"2018/01/29","166.8000","3514482.0000","167.4500","168.3900","166.0100"
"2018/01/26","167.3400","3772739.0000","166.1200","167.4142","165.7900"
"2018/01/25","165.4700","3300971.0000","165.9100","166.7800","165.1900"
"2018/01/24","165.3700","5557156.0000","166.7500","168.7200","164.8200"
"2018/01/23","166.2500","7460921.0000","162.8200","166.2600","162.5100"
"2018/01/22","162.6000","8456949.0000","161.5100","163.9800","161.1100"
"2018/01/19","162.3700","21086490.0000","164.4600","165.4000","161.3000"
"2018/01/18","169.1200","13427660.0000","170.0000","171.1300","168.1500"
"2018/01/17","168.6500","11671060.0000","168.0100","169.1253","167.2600"
"2018/01/16","163.8500","7589422.0000","165.1000","165.2900","163.3500"
"2018/01/12","163.1400","5026753.0000","164.0200","164.7400","163.0300"
"2018/01/11","164.2000","3791309.0000","164.8000","164.9400","163.3000"
"2018/01/10","164.1800","4168553.0000","162.9100","164.3300","162.5000"
"2018/01/09","163.8300","4338857.0000","163.9000","164.5300","163.0600"
"2018/01/08","163.4700","5236536.0000","162.6600","163.9050","161.7010"
"2018/01/05","162.4900","5179851.0000","162.4400","162.9000","161.1010"
"2018/01/04","161.7000","7554257.0000","159.6500","162.3237","159.3700"
"2018/01/03","158.4900","9440508.0000","157.3400","159.8100","156.3300"
"2018/01/02","154.2500","4197812.0000","154.5000","154.8100","153.5400"
"2017/12/29","153.4200","3324662.0000","154.1700","154.7200","153.4150"
"2017/12/28","154.0400","2686841.0000","153.2000","154.1200","153.2000"
"2017/12/27","153.1300","2144620.0000","152.9500","153.1800","152.6100"
"2017/12/26","152.8300","2478972.0000","152.5100","153.8600","152.5000"
"2017/12/22","152.5000","2984926.0000","151.8200","153.0000","151.5000"
"2017/12/21","151.5000","4147873.0000","153.1700","153.4600","151.4900"
"2017/12/20","152.9500","3784577.0000","153.6500","153.8900","152.7800"
"2017/12/19","153.2300","4116248.0000","154.0500","154.1700","153.0900"
"2017/12/18","153.3300","5089588.0000","153.5900","154.1800","153.2100"
"2017/12/15","152.5000","11276390.0000","153.6100","153.8000","152.0300"
"2017/12/14","154.0000","4635905.0000","154.6000","155.1100","153.7000"
"2017/12/13","153.9100","5658524.0000","156.6000","156.7300","153.8900"
"2017/12/12","156.7400","6321525.0000","155.2000","157.8500","155.1600"
"2017/12/11","155.4100","4101417.0000","154.9700","155.8900","154.5700"
"2017/12/08","154.8100","3474743.0000","153.9400","155.0300","153.5500"
"2017/12/07","153.5700","3771139.0000","154.0300","154.4500","153.2600"
"2017/12/06","154.1000","3364424.0000","155.6900","156.2200","154.0900"
"2017/12/05","155.3500","5067941.0000","156.4500","156.7400","154.6800"
"2017/12/04","156.4600","4664064.0000","155.6700","156.8000","155.0700"
"2017/12/01","154.7600","5527305.0000","154.4000","155.0200","152.9125"
"2017/11/30","153.9700","6461885.0000","153.6500","154.4100","153.0800"
"2017/11/29","153.5500","5095366.0000","152.8100","153.6100","152.1700"
"2017/11/28","152.4700","3961716.0000","152.3500","152.9300","151.7000"
"2017/11/27","151.9800","3304050.0000","152.0600","152.4900","151.6200"
"2017/11/24","151.8400","1193025.0000","151.9500","152.2000","151.3300"
"2017/11/22","151.7700","3212788.0000","152.0000","152.3900","151.3300"
"2017/11/21","151.9500","3665087.0000","151.3000","152.4500","151.2000"
"2017/11/20","150.5100","5655753.0000","150.6400","151.9500","149.9000"
"2017/11/17","148.9700","4876732.0000","149.3400","150.1500","148.8300"
"2017/11/16","149.1200","5446079.0000","147.7300","149.6500","147.5000"
"2017/11/15","147.1000","4700553.0000","148.0000","148.7050","146.2110"
"2017/11/14","148.8900","3742498.0000","147.9500","148.9700","147.4900"
"2017/11/13","148.4000","5104982.0000","148.8800","149.0000","147.9200"
"2017/11/10","149.1600","4306433.0000","150.6500","150.8900","149.1400"
"2017/11/09","150.3000","4776316.0000","149.9300","151.8000","149.8600"
"2017/11/08","151.5700","4632718.0000","151.6000","151.7944","150.2800"
"2017/11/07","151.3500","3692491.0000","151.3700","151.5100","150.5000"
"2017/11/06","150.8400","4498535.0000","151.7700","151.8200","150.2800"
"2017/11/03","151.5800","4430810.0000","153.4200","153.4700","151.4900"
"2017/11/02","153.3500","3396982.0000","154.1800","154.4900","152.9100"
"2017/11/01","154.0300","3236863.0000","154.1000","154.9000","153.8300"
"2017/10/31","154.0600","4260973.0000","154.3300","154.9300","152.9300"
"2017/10/30","154.3600","4210002.0000","153.7600","154.5900","152.7100"
"2017/10/27","153.6800","4895137.0000","154.5400","154.6300","152.9110"
"2017/10/26","153.6000","4297634.0000","154.3100","155.1200","153.5400"
"2017/10/25","153.5000","6917768.0000","156.0100","156.3700","153.0600"
"2017/10/24","155.8800","8175300.0000","159.6500","159.7000","155.1710"
"2017/10/23","159.5500","5778231.0000","162.0500","162.5100","159.5400"
"2017/10/20","162.0700","7866470.0000","161.0700","162.4800","159.7700"
"2017/10/19","160.9000","9910695.0000","159.8000","160.9600","159.0850"
"2017/10/18","159.5300","30473410.0000","157.1200","161.2300","156.9500"
"2017/10/17","146.5400","6178625.0000","146.6300","147.1200","146.1800"
"2017/10/16","146.8300","3041919.0000","147.2200","147.6700","146.5100"
"2017/10/13","147.1000","2505942.0000","147.4800","147.8500","146.9400"
"2017/10/12","147.0300","3304653.0000","147.5600","147.8900","146.7700"
"2017/10/11","147.6200","3701258.0000","148.4000","148.4700","147.2800"
"2017/10/10","148.5000","4029617.0000","147.7100","148.9500","147.6500"
"2017/10/09","147.3900","2682506.0000","146.5000","147.7900","146.3500"
"2017/10/06","146.4800","2620902.0000","146.6400","146.8500","146.3200"
"2017/10/05","146.7200","2686485.0000","146.6800","147.5400","146.4800"
"2017/10/04","146.4800","2243214.0000","147.0000","147.0200","146.1100"
"2017/10/03","146.7800","2302599.0000","146.6900","147.1999","146.3400"
"2017/10/02","146.6600","2973073.0000","145.3500","146.8650","145.2100"
"2017/09/29","145.0800","2644598.0000","145.4500","145.6900","144.9200"
"2017/09/28","145.6600","2774541.0000","145.3300","145.8600","144.2100"
"2017/09/27","145.6600","3496366.0000","146.6800","146.9000","145.0300"
"2017/09/26","146.5600","4107436.0000","146.3600","147.4200","145.9400"
"2017/09/25","145.8700","5210283.0000","145.1200","146.0300","144.9100"
"2017/09/22","145.1300","2792199.0000","145.5900","145.5900","144.5900"
"2017/09/21","145.2600","2520055.0000","145.6500","145.8911","145.1000"
"2017/09/20","145.8800","5446399.0000","144.9300","145.8800","144.4200"
"2017/09/19","144.3900","3464383.0000","144.7900","144.9800","144.2200"
"2017/09/18","144.5500","3019313.0000","144.8100","145.4799","144.2700"
"2017/09/15","144.8200","7373777.0000","144.8200","145.1700","144.0800"
"2017/09/14","145.5400","3754007.0000","145.8600","146.3800","145.5100"
"2017/09/13","145.9900","4098201.0000","145.3500","146.2900","145.3400"
"2017/09/12","145.7600","5239033.0000","145.1100","146.3700","144.5100"
"2017/09/11","144.8600","4611086.0000","143.5400","145.1300","143.0100"
"2017/09/08","142.4500","3362498.0000","143.1500","143.1500","141.6400"
"2017/09/07","142.9000","4188154.0000","144.1000","144.6400","142.4100"
"2017/09/06","143.8200","3267586.0000","143.8800","144.4700","143.5000"
"2017/09/05","143.0400","3098684.0000","143.5000","144.3575","142.7000"
"2017/09/01","144.0800","3348757.0000","142.9800","144.5000","142.9800"
"2017/08/31","143.0300","3650650.0000","143.0200","143.6600","142.6300"
"2017/08/30","142.5600","2733727.0000","143.2600","143.2800","142.4100"
"2017/08/29","143.1400","3008013.0000","142.1000","143.4250","141.9000"
"2017/08/28","142.5100","5131244.0000","144.1100","144.5600","142.3900"
"2017/08/25","143.7400","2871315.0000","143.3000","144.1900","143.2500"
"2017/08/24","142.9400","3590994.0000","142.5000","143.6800","142.2500"
"2017/08/23","142.1400","4048117.0000","140.7000","143.0500","140.6800"
"2017/08/22","141.0100","2544345.0000","140.6400","141.1500","140.3800"
"2017/08/21","140.3300","3188408.0000","139.5900","140.4200","139.1300"
"2017/08/18","139.7000","4151484.0000","140.8700","141.1500","139.5800"
"2017/08/17","140.7000","4357359.0000","142.5200","142.8900","140.7000"
"2017/08/16","142.5000","3287450.0000","141.7900","142.9100","141.6100"
"2017/08/15","142.0700","4681540.0000","142.5500","143.3400","140.5800"
"2017/08/14","142.3200","2244010.0000","142.0000","142.7600","141.9400"
"2017/08/11","141.8400","3004080.0000","142.4500","142.5900","141.5200"
"2017/08/10","141.8400","4524754.0000","141.6400","142.4200","141.2300"
"2017/08/09","141.7700","2925024.0000","141.7500","142.0300","141.1900"
"2017/08/08","142.1100","3295007.0000","142.0000","142.7600","142.0000"
"2017/08/07","143.4700","4615775.0000","145.0000","145.0900","142.7500"
"2017/08/04","145.1600","2549397.0000","145.0000","145.3900","144.4000"
"2017/08/03","144.9400","3034711.0000","144.4300","145.3400","144.4300"
"2017/08/02","144.4500","3433707.0000","145.1200","145.2900","144.2200"
"2017/08/01","145.3000","3201765.0000","145.0000","145.6700","144.7200"
"2017/07/31","144.6700","4342497.0000","144.3800","144.9300","144.1700"
"2017/07/28","144.2900","3054692.0000","144.8100","145.0400","143.8400"
"2017/07/27","145.0700","6375899.0000","145.0000","145.3950","143.6400"
"2017/07/26","145.3600","3928866.0000","146.2700","146.4600","144.4700"
"2017/07/25","146.1900","4207232.0000","146.5700","147.4900","146.0300"
"2017/07/24","145.9900","3877119.0000","147.0000","147.0400","145.8000"
"2017/07/21","147.0800","6509258.0000","147.5900","147.8700","146.5100"
"2017/07/20","147.6600","7175441.0000","147.5300","148.8300","147.0300"
"2017/07/19","147.5300","14292020.0000","150.0200","150.2500","146.7100"
"2017/07/18","154.0000","7435556.0000","152.3600","154.2900","152.0000"
"2017/07/17","153.0100","4753260.0000","153.5900","153.8800","152.2399"
"2017/07/14","154.2400","3256144.0000","154.0100","154.6150","153.4000"
"2017/07/13","153.6300","2476080.0000","153.7000","154.1900","153.1900"
"2017/07/12","153.7000","3097831.0000","153.4800","154.2400","153.0500"
"2017/07/11","153.1900","3447509.0000","153.2600","153.6500","152.0500"
"2017/07/10","153.4200","3410665.0000","152.9100","153.8900","152.6300"
"2017/07/07","152.9400","2383896.0000","152.6200","153.4900","152.1400"
"2017/07/06","152.3600","2756760.0000","153.3600","153.8300","152.2300"
"2017/07/05","153.6700","3561287.0000","155.7700","155.8900","153.6300"
"2017/07/03","155.5800","2822651.0000","153.5800","156.0250","153.5200"
"2017/06/30","153.8300","3571536.0000","154.2800","154.5000","153.1400"
"2017/06/29","154.1300","3261684.0000","155.3500","155.7400","153.6200"
"2017/06/28","155.3200","2214240.0000","155.1500","155.5500","154.7800"
"2017/06/27","154.7500","2386491.0000","155.0000","155.3400","154.5000"
"2017/06/26","155.2300","2152542.0000","154.7100","155.7500","154.6300"
"2017/06/23","154.1100","3282201.0000","154.3400","154.6800","153.8000"
"2017/06/22","154.4000","2376471.0000","154.5500","154.9900","153.6900"
"2017/06/21","153.7900","3958819.0000","155.7900","155.7900","153.3900"
"2017/06/20","154.9500","4479369.0000","154.4800","155.3890","154.2500"
"2017/06/19","154.8400","4536193.0000","155.5100","155.8600","154.5400"
"2017/06/16","155.3800","6373354.0000","154.2300","155.4200","152.9676"
"2017/06/15","154.2200","4651727.0000","153.2900","154.6900","153.2900"
"2017/06/14","153.8100","3043704.0000","153.9700","154.9399","152.9400"
"2017/06/13","154.2500","3523529.0000","155.4400","155.4800","154.1500"
"2017/06/12","155.1800","6461729.0000","154.1900","157.2000","154.0200"
"2017/06/09","154.1000","4356544.0000","152.0000","154.2650","151.8800"
"2017/06/08","152.1000","3693150.0000","151.0000","152.8200","150.9200"
"2017/06/07","150.9800","4859095.0000","153.0500","154.2000","150.8000"
"2017/06/06","152.3700","3797173.0000","152.0000","152.8900","152.0000"
"2017/06/05","152.4100","3975068.0000","151.8200","152.9300","151.6826"
"2017/06/02","152.0500","3581773.0000","153.0700","153.2000","151.8000"
"2017/06/01","152.6700","2918122.0000","152.8000","152.8700","151.6300"
"2017/05/31","152.6300","3541249.0000","152.0300","152.8000","151.6500"
"2017/05/30","151.7300","3665972.0000","151.9500","152.6700","151.5900"
"2017/05/26","152.4900","2443298.0000","152.8500","153.0000","152.0600"
"2017/05/25","153.2000","2581674.0000","153.2500","153.7300","152.9459"
"2017/05/24","152.5100","3732394.0000","152.2100","152.7600","151.2300"
"2017/05/23","152.0300","2564503.0000","152.5700","153.6800","151.9200"
"2017/05/22","152.6400","3302089.0000","152.1000","152.8400","151.5992"
"2017/05/19","151.9800","5622348.0000","151.0100","152.4600","150.8900"
"2017/05/18","150.7800","3273575.0000","150.8600","151.3300","150.1100"
"2017/05/17","150.9300","5189187.0000","153.3000","154.1400","150.8900"
"2017/05/16","153.6800","5510363.0000","151.6600","153.9900","151.6600"
"2017/05/15","151.5100","4228909.0000","150.6200","151.8300","150.4502"
"2017/05/12","150.3700","3715292.0000","150.3000","151.2650","150.0000"
"2017/05/11","150.6500","5624852.0000","151.0500","151.1500","149.7900"
"2017/05/10","151.2500","4996776.0000","151.6510","152.3700","151.1300"
"2017/05/09","152.1100","6851286.0000","152.6000","153.1000","151.5552"
"2017/05/08","153.0300","7490980.0000","152.8000","153.4700","152.2000"
"2017/05/05","155.0500","12513610.0000","153.5200","155.7800","153.0000"
"2017/05/04","159.0500","4278599.0000","158.8900","159.1400","158.3600"
"2017/05/03","158.6300","3993234.0000","158.7400","159.4500","158.5200"
"2017/05/02","159.1000","3150934.0000","159.4400","159.4900","158.6400"
"2017/05/01","158.8400","4931407.0000","160.0500","160.4200","158.7000"
"2017/04/28","160.2900","4153700.0000","160.5000","160.5900","159.7000"
"2017/04/27","160.3200","4122568.0000","160.2900","160.4800","159.6300"
"2017/04/26","160.0600","4325281.0000","160.5300","161.1000","159.8900"
"2017/04/25","160.3900","4857061.0000","161.7800","162.0400","160.3800"
"2017/04/24","160.7500","5175505.0000","161.2900","161.5700","160.4200"
"2017/04/21","160.3800","5600467.0000","162.0500","162.1100","160.3800"
"2017/04/20","162.3000","6486767.0000","161.3200","162.4000","160.5000"
"2017/04/19","161.6900","19282530.0000","161.7600","162.6400","159.6000"
"2017/04/18","170.0500","6004750.0000","170.7900","171.6900","169.8300"
"2017/04/17","171.1000","3719276.0000","169.7500","171.3000","169.6200"
"2017/04/13","169.5300","3203765.0000","169.9200","171.3600","169.5300"
"2017/04/12","170.6600","3276921.0000","171.0400","171.2000","170.0200"
"2017/04/11","170.5800","4890161.0000","170.6500","171.2300","168.9800"
"2017/04/10","171.2000","3789677.0000","172.5300","172.5600","171.0000"
"2017/04/07","172.1400","3588300.0000","172.0800","172.9300","171.2800"
"2017/04/06","172.4500","3435303.0000","173.4700","173.4700","172.2500"
"2017/04/05","172.8800","6237613.0000","174.7000","176.3300","172.8100"
"2017/04/04","174.5200","3108655.0000","173.5200","174.9600","173.2600"
"2017/04/03","174.5000","4286497.0000","173.8200","174.8700","173.3800"
"2017/03/31","174.1400","2913386.0000","173.9800","174.9500","173.6900"
"2017/03/30","173.8600","3168198.0000","173.8600","174.5900","173.6900"
"2017/03/29","173.9400","3083063.0000","174.3000","174.4900","173.4600"
"2017/03/28","174.5100","3523345.0000","173.9400","175.0000","173.0000"
"2017/03/27","173.7700","3259022.0000","172.6900","174.1600","172.0937"
"2017/03/24","173.8300","3221645.0000","175.1200","175.5000","173.3900"
"2017/03/23","174.8200","3737732.0000","174.4300","175.6700","173.5600"
"2017/03/22","174.7800","3448947.0000","174.0400","175.0600","172.8000"
"2017/03/21","173.8800","3927626.0000","176.0100","176.2300","173.8400"
"2017/03/20","175.7000","2475875.0000","175.6500","176.1800","175.1400"
"2017/03/17","175.6500","5916099.0000","176.2900","176.7900","175.6500"
"2017/03/16","177.2400","4311734.0000","178.4600","179.0000","176.8200"
"2017/03/15","175.8100","3810410.0000","175.7100","176.2800","174.7500"
"2017/03/14","175.7200","3147484.0000","176.1800","176.8200","175.2110"
"2017/03/13","176.4600","3481898.0000","177.8500","178.0600","176.4150"
"2017/03/10","177.8300","3100107.0000","178.2100","179.4900","177.4200"
"2017/03/09","177.1800","5443665.0000","179.1500","179.2500","175.8800"
"2017/03/08","179.4500","3557388.0000","180.7500","180.9500","179.3000"
"2017/03/07","180.3800","2977496.0000","180.7100","181.2900","180.1997"
"2017/03/06","180.4700","3199175.0000","179.7200","180.9900","179.5700"
"2017/03/03","180.0500","1824911.0000","180.0400","181.3200","179.7649"
"2017/03/02","180.5300","2915947.0000","181.8800","181.8800","180.4300"
"2017/03/01","181.9500","3001512.0000","180.4800","182.5500","180.0300"
"2017/02/28","179.8200","3273324.0000","179.3800","180.6300","179.3500"
"2017/02/27","179.4000","3689926.0000","181.1900","181.2500","179.2800"
"2017/02/24","181.3500","3298816.0000","180.2100","181.4900","179.8900"
"2017/02/23","181.6500","2282522.0000","182.0000","182.5000","180.9200"
"2017/02/22","181.1500","3020538.0000","180.0900","181.3400","180.0900"
"2017/02/21","180.2600","4479596.0000","180.6000","180.7900","179.1200"
"2017/02/17","180.6700","3551140.0000","181.2500","181.5700","180.0000"
"2017/02/16","181.4300","3251022.0000","181.4500","182.7900","180.8700"
"2017/02/15","181.6800","2914083.0000","180.2000","181.9200","179.8100"
"2017/02/14","180.1300","2775296.0000","178.5700","180.1300","178.3500"
"2017/02/13","179.3600","3092266.0000","179.2400","179.9000","178.8400"
"2017/02/10","178.6800","2930498.0000","177.3700","178.8701","176.7600"
"2017/02/09","177.2100","3090208.0000","176.1700","177.8000","175.9100"
"2017/02/08","176.1700","2912492.0000","177.5000","177.5000","175.8800"
"2017/02/07","178.4600","3859161.0000","176.0000","178.6200","175.9000"
"2017/02/06","175.8600","2650509.0000","175.3100","175.9800","174.3800"
"2017/02/03","175.8200","3306324.0000","175.0000","176.3400","174.8900"
"2017/02/02","174.5800","2619514.0000","174.2300","174.9700","173.5500"
"2017/02/01","174.2900","2795443.0000","175.0000","175.7025","172.8900"
"2017/01/31","174.5200","4133448.0000","175.0500","175.5800","173.6100"
"2017/01/30","175.8000","4093251.0000","176.9800","177.0700","174.5768"
"2017/01/27","177.3000","3482023.0000","178.4700","179.2000","177.3000"
"2017/01/26","178.6600","3062355.0000","178.0600","178.8800","177.5100"
"2017/01/25","178.2900","5917531.0000","176.2600","179.2500","176.1300"
"2017/01/24","175.9000","6947945.0000","171.3600","176.0000","171.1600"
"2017/01/23","171.0300","5432156.0000","170.0800","171.2500","170.0100"
"2017/01/20","170.5500","12605330.0000","167.8100","170.6400","166.0000"
"2017/01/19","166.8100","6726135.0000","166.9600","167.4500","165.8000"
"2017/01/18","166.8000","4005403.0000","167.4500","168.5900","166.6900"
"2017/01/17","167.8900","3315220.0000","166.6900","168.1800","166.1201"
"2017/01/13","167.3400","2874625.0000","167.9700","168.4800","166.8750"
"2017/01/12","167.9500","2927951.0000","167.7700","168.0100","165.5600"
"2017/01/11","167.7500","3599412.0000","166.0500","167.7600","165.6000"
"2017/01/10","165.5200","4118192.0000","167.9800","168.0900","165.3400"
"2017/01/09","167.6500","3189410.0000","169.4700","169.8000","167.6200"
"2017/01/06","169.5300","2945459.0000","168.6900","169.9200","167.5200"
"2017/01/05","168.7000","2682176.0000","169.2500","169.3900","167.2600"
"2017/01/04","169.2600","3376634.0000","167.7700","169.8700","167.3600"
"2017/01/03","167.1900","2934107.0000","167.0000","167.8700","166.0100"
"2016/12/30","165.9900","2952198.0000","166.4400","166.7000","165.5000"
"2016/12/29","166.6000","1663140.0000","166.0200","166.9900","166.0000"
"2016/12/28","166.1900","1723593.0000","167.2900","167.7400","166.0000"
"2016/12/27","167.1400","1397392.0000","166.9800","167.9800","166.8500"
"2016/12/23","166.7100","1701208.0000","167.0000","167.4900","166.4500"
"2016/12/22","167.0600","2781138.0000","167.3600","168.2300","166.5800"
"2016/12/21","167.3300","3574850.0000","166.2500","167.9400","165.2500"
"2016/12/20","167.6000","2174492.0000","167.4900","168.2500","166.4500"
"2016/12/19","166.6800","2955862.0000","166.8300","167.2600","166.0000"
"2016/12/16","166.7300","7117018.0000","168.9700","169.1100","166.0600"
"2016/12/15","168.0200","3385177.0000","168.0100","169.8500","167.7800"
"2016/12/14","168.5100","4046752.0000","168.3700","169.8900","167.4500"
"2016/12/13","168.2900","5860952.0000","165.6800","169.9520","165.6800"
"2016/12/12","165.5000","3389243.0000","166.7200","166.7900","165.0700"
"2016/12/09","166.5200","3145182.0000","165.1800","166.7200","164.6042"
"2016/12/08","165.3600","3262803.0000","164.8700","166.0000","164.2200"
"2016/12/07","164.7900","4434800.0000","160.6000","165.1800","160.3900"
"2016/12/06","160.3500","2858766.0000","160.1300","160.7900","158.9300"
"2016/12/05","159.8400","3446698.0000","160.8500","161.1500","159.5875"
"2016/12/02","160.0200","2740532.0000","159.0000","160.2900","158.4100"
"2016/12/01","159.8200","4634638.0000","161.9500","162.1950","158.3000"
"2016/11/30","162.2200","4397775.0000","163.3500","163.8000","162.2100"
"2016/11/29","163.5300","3139540.0000","164.0000","164.4100","163.0300"
"2016/11/28","164.5200","4438710.0000","163.2000","164.6600","162.7000"
"2016/11/25","163.1400","1605344.0000","161.8300","163.1900","161.8300"
"2016/11/23","161.9800","2256035.0000","161.9400","162.3800","161.3557"
"2016/11/22","162.6700","2770714.0000","163.0000","163.0000","161.9500"
"2016/11/21","162.7700","4633131.0000","160.6900","163.0000","160.3697"
"2016/11/18","160.3900","2979264.0000","159.8000","160.7200","159.2100"
"2016/11/17","159.8000","2260909.0000","159.2200","159.9300","158.8500"
"2016/11/16","159.2900","2252655.0000","158.4600","159.5500","158.0300"
"2016/11/15","158.6700","3475578.0000","158.4200","159.1500","157.5500"
"2016/11/14","158.2100","5192889.0000","161.2500","161.8600","157.5800"
"2016/11/11","161.2700","4446510.0000","159.9700","161.3400","159.3300"
"2016/11/10","160.2200","7711608.0000","157.6600","161.1600","157.5900"
"2016/11/09","154.8100","5403573.0000","152.9600","155.5600","151.0000"
"2016/11/08","155.1700","3920344.0000","154.5600","155.9300","153.0600"
"2016/11/07","155.7200","3746609.0000","153.9900","156.1100","153.8400"
"2016/11/04","152.4300","2467966.0000","152.4000","153.6400","151.8700"
"2016/11/03","152.3700","2878718.0000","152.5100","153.7400","151.8000"
"2016/11/02","151.9500","3072611.0000","152.4800","153.3450","151.6700"
"2016/11/01","152.7900","3187660.0000","153.5000","153.9100","151.7400"
"2016/10/31","153.6900","3550358.0000","152.7600","154.3300","152.7600"
"2016/10/28","152.6100","3654444.0000","154.0500","154.4400","152.1800"
"2016/10/27","153.3500","4227704.0000","152.8200","154.0600","152.0200"
"2016/10/26","151.8100","2811314.0000","150.7100","152.9400","150.2550"
"2016/10/25","150.8800","2647416.0000","150.6900","151.1600","149.8300"
"2016/10/24","150.5700","2662724.0000","150.4000","151.5200","150.4000"
"2016/10/21","149.6300","4413601.0000","150.5800","151.1500","149.5600"
"2016/10/20","151.5200","4020780.0000","151.2800","152.9000","151.0200"
"2016/10/19","151.2600","4629444.0000","151.2700","152.4500","150.8300"
"2016/10/18","150.7200","12764180.0000","150.0200","151.0000","147.7900"
"2016/10/17","154.7700","5836054.0000","154.4500","155.8900","154.3400"
"2016/10/14","154.4500","4357890.0000","154.4700","155.5300","154.0900"
"2016/10/13","153.7200","2909898.0000","153.7000","154.2200","152.2700"
"2016/10/12","154.2900","2959700.0000","154.9700","154.9700","153.0800"
"2016/10/11","154.7900","2899603.0000","156.7300","156.9500","153.8900"
"2016/10/10","157.0200","2467856.0000","156.7100","158.4900","156.6550"
"2016/10/07","155.6700","2668385.0000","157.1400","157.7000","154.8600"
"2016/10/06","156.8800","1949931.0000","156.8400","157.4300","155.8900"
"2016/10/05","157.0800","1684298.0000","157.0700","157.8300","156.7200"
"2016/10/04","156.4600","2884146.0000","157.6700","158.5300","155.8200"
"2016/10/03","157.6100","2227749.0000","158.0600","158.3700","157.0200"
"2016/09/30","158.8500","3596878.0000","158.9000","159.8380","158.0600"
"2016/09/29","158.1100","3372183.0000","158.6300","165.0000","157.4600"
"2016/09/28","158.2900","3309408.0000","156.9900","158.6250","156.2300"
"2016/09/27","156.7700","2983602.0000","154.3200","156.7700","153.8100"
"2016/09/26","153.9800","2533325.0000","154.4600","154.4600","153.4600"
"2016/09/23","154.9800","2692083.0000","155.6200","156.0400","154.7100"
"2016/09/22","156.1100","2690905.0000","156.1500","157.2200","155.6900"
"2016/09/21","155.5300","2473895.0000","154.9100","155.6800","153.8700"
"2016/09/20","154.4500","2159092.0000","155.8700","156.5700","154.4500"
"2016/09/19","154.8700","2448148.0000","154.8700","156.1900","154.5500"
"2016/09/16","153.8400","6429919.0000","155.0400","155.4000","153.4700"
"2016/09/15","155.6600","3656413.0000","154.3000","156.3300","153.2100"
"2016/09/14","154.0500","3858076.0000","155.7000","155.8700","153.3900"
"2016/09/13","155.8100","3631768.0000","157.6300","157.9300","155.5000"
"2016/09/12","158.2900","4366853.0000","155.2600","158.5300","154.8400"
"2016/09/09","155.6900","5080266.0000","158.0300","158.4000","155.6500"
"2016/09/08","159.0000","3928085.0000","160.5500","161.2100","158.7600"
"2016/09/07","161.6400","2866127.0000","160.1900","161.7600","160.0000"
"2016/09/06","160.3500","2994041.0000","159.8800","160.8600","159.1100"
"2016/09/02","159.5500","2313289.0000","159.8800","160.5700","159.1500"
"2016/09/01","159.5400","2351932.0000","158.3200","159.6200","158.1000"
"2016/08/31","158.8800","2321269.0000","159.6600","159.6600","158.2600"
"2016/08/30","159.4000","1808553.0000","159.7600","160.1500","158.8100"
"2016/08/29","159.7200","2475853.0000","158.8300","160.2100","158.5000"
"2016/08/26","158.3200","2498903.0000","158.8800","160.4400","157.8500"
"2016/08/25","158.6300","2575023.0000","159.0000","159.5400","158.4200"
"2016/08/24","159.0500","3618469.0000","159.8900","160.1800","158.3200"
"2016/08/23","160.2600","2838137.0000","160.3300","161.3400","160.2300"
"2016/08/22","160.0000","2038851.0000","160.0000","160.5700","159.1300"
"2016/08/19","160.0400","2733579.0000","160.8400","160.9100","159.5200"
"2016/08/18","161.3600","3650651.0000","160.8900","162.0000","160.4401"
"2016/08/17","160.4400","3225919.0000","160.9700","161.1600","159.8400"
"2016/08/16","160.7000","2208382.0000","161.1100","161.9300","160.6900"
"2016/08/15","161.8800","2967957.0000","162.4000","162.9700","161.7800"
"2016/08/12","161.9500","2542495.0000","163.1900","163.4600","161.5200"
"2016/08/11","163.5300","8768582.0000","162.2500","164.9500","162.1800"
"2016/08/10","162.0800","2417982.0000","162.1900","162.6600","161.9550"
"2016/08/09","161.7700","2734106.0000","162.2200","162.7720","161.6450"
"2016/08/08","162.0400","3039081.0000","162.7300","163.2700","161.5800"
"2016/08/05","163.5000","3811638.0000","162.0000","163.5100","161.5700"
"2016/08/04","161.5500","2476730.0000","160.8600","161.7000","160.1200"
"2016/08/03","160.6700","2861558.0000","160.1300","160.8600","159.8000"
"2016/08/02","160.5800","3078620.0000","161.2700","161.4499","160.3600"
"2016/08/01","161.4500","2819141.0000","160.6500","161.6500","159.8400"
"2016/07/29","160.6200","3547292.0000","161.3600","161.6700","160.0300"
"2016/07/28","161.3700","2337914.0000","161.3800","161.8100","160.7100"
"2016/07/27","161.8300","2162675.0000","162.1200","162.5700","161.1800"
"2016/07/26","162.1200","2891300.0000","162.6500","163.6000","161.3700"
"2016/07/25","162.6500","2737628.0000","162.0000","162.8800","161.7500"
"2016/07/22","162.0700","2519776.0000","160.7800","162.1700","160.4790"
"2016/07/21","160.4500","4045682.0000","160.7500","161.8500","159.8900"
"2016/07/20","161.3600","4373009.0000","159.9700","161.7100","159.6000"
"2016/07/19","159.5800","7118788.0000","161.7800","162.1400","157.8900"
"2016/07/18","159.8600","6561873.0000","159.3000","160.7500","158.7300"
"2016/07/15","159.7800","4470663.0000","159.9000","159.9800","158.5000"
"2016/07/14","160.2800","4636668.0000","158.8100","161.4000","158.5800"
"2016/07/13","158.0200","2744622.0000","157.7500","158.3400","157.0600"
"2016/07/12","157.0400","3842709.0000","156.0000","157.1200","155.5200"
"2016/07/11","155.3300","2779343.0000","154.6000","156.0400","154.5000"
"2016/07/08","154.4600","3040393.0000","154.0000","154.6000","153.0800"
"2016/07/07","152.6000","2138421.0000","152.7500","153.6891","151.8900"
"2016/07/06","152.3700","2569393.0000","151.8500","152.4100","149.9200"
"2016/07/05","151.6800","2462590.0000","151.1900","152.0000","150.7600"
"2016/07/01","152.3500","2658279.0000","152.1900","152.9700","151.4000"
"2016/06/30","151.7800","3966570.0000","148.8600","151.9100","148.6700"
"2016/06/29","148.4600","3367419.0000","146.5000","148.4800","146.4500"
"2016/06/28","145.7000","3995730.0000","144.7800","145.7300","144.2200"
"2016/06/27","143.5000","5146095.0000","146.1800","146.6000","142.5000"
"2016/06/24","146.5900","9060752.0000","149.9700","150.6100","146.1800"
"2016/06/23","155.3500","3963004.0000","153.4500","155.4800","152.6000"
"2016/06/22","152.9200","2833364.0000","153.7500","154.7100","152.2700"
"2016/06/21","154.0500","2760232.0000","154.1600","154.5689","153.6900"
"2016/06/20","153.6100","3571998.0000","152.6000","154.6700","152.5200"
"2016/06/17","151.9900","4659807.0000","150.9600","152.7200","150.6044"
"2016/06/16","151.0600","2427715.0000","150.1900","151.2950","149.0000"
"2016/06/15","150.6800","2257369.0000","151.4600","151.7925","150.6000"
"2016/06/14","151.0600","2864498.0000","151.2800","151.7900","150.4000"
"2016/06/13","151.2800","3607008.0000","151.6300","152.5000","150.2800"
"2016/06/10","152.3700","3120260.0000","152.7900","153.3299","151.8600"
"2016/06/09","153.4200","2021596.0000","152.9200","153.7600","152.7300"
"2016/06/08","154.0000","2933075.0000","153.5300","154.0900","153.0400"
"2016/06/07","153.3300","4462506.0000","153.3100","153.9300","152.6600"
"2016/06/06","152.7300","2374643.0000","153.0900","153.9500","152.3400"
"2016/06/03","152.8900","2328054.0000","152.4000","153.0400","151.7000"
"2016/06/02","153.5000","2642401.0000","152.5900","153.5000","152.1200"
"2016/06/01","152.5100","2659517.0000","153.0000","153.2700","151.5400"
"2016/05/31","153.7400","5836207.0000","152.5600","153.8100","152.2700"
"2016/05/27","152.8400","2457037.0000","152.3500","152.9300","152.1500"
"2016/05/26","152.4400","3060248.0000","151.5500","152.5100","151.0500"
"2016/05/25","151.6900","4355296.0000","148.9300","152.0900","148.5001"
"2016/05/24","148.3100","2921065.0000","146.8800","148.7500","146.8800"
"2016/05/23","146.7700","2103633.0000","147.6100","147.9500","146.6600"
"2016/05/20","147.2500","3578195.0000","145.7100","147.5100","145.5500"
"2016/05/19","144.9300","3678430.0000","146.4800","146.9300","143.9550"
"2016/05/18","147.3400","2488491.0000","147.9900","148.5200","146.3600"
"2016/05/17","148.0000","3490024.0000","149.2100","149.5000","147.2900"
"2016/05/16","149.4600","3062237.0000","147.6500","149.9900","147.4400"
"2016/05/13","147.7200","2394248.0000","148.7900","149.8600","147.4200"
"2016/05/12","148.8400","3249032.0000","149.2100","149.3900","147.1100"
"2016/05/11","148.9500","3088984.0000","149.7100","151.0900","148.7400"
"2016/05/10","149.9700","3992259.0000","148.2400","150.0400","147.7400"
"2016/05/09","147.3400","4301025.0000","147.7000","148.2000","147.0100"
"2016/05/06","147.2900","4893580.0000","144.8600","147.9700","144.4700"
"2016/05/05","146.4700","6500438.0000","145.9500","147.3000","145.4500"
"2016/05/04","144.2500","2576763.0000","143.3600","145.0000","143.3100"
"2016/05/03","144.1300","3584261.0000","144.6500","144.9000","142.9000"
"2016/05/02","145.2700","3502422.0000","146.5600","147.0000","144.4300"
"2016/04/29","145.9400","4223936.0000","146.4900","147.3400","144.1910"
"2016/04/28","147.0700","3791053.0000","149.7500","150.1800","146.7250"
"2016/04/27","150.4700","3110399.0000","149.3500","150.7800","148.9700"
"2016/04/26","149.0800","2978954.0000","148.6500","149.7900","147.9000"
"2016/04/25","148.8100","2846737.0000","148.1600","148.9000","147.1100"
"2016/04/22","148.5000","5191602.0000","149.4400","151.0000","147.5000"
"2016/04/21","149.3000","6014381.0000","146.5800","150.1200","146.4600"
"2016/04/20","146.1100","6749461.0000","144.2400","147.2000","144.0000"
"2016/04/19","144.0000","13187000.0000","146.4700","146.9500","142.6100"
"2016/04/18","152.5300","6309128.0000","151.7500","153.1400","151.4900"
"2016/04/15","151.7200","3657048.0000","151.0400","152.1000","150.9600"
"2016/04/14","151.1600","3176285.0000","151.5000","152.7600","150.3800"
"2016/04/13","151.2300","3167729.0000","150.7500","151.2300","149.6300"
"2016/04/12","149.6300","3592828.0000","149.6100","150.1100","148.5800"
"2016/04/11","149.2500","3844766.0000","150.2600","151.9500","149.2200"
